engine_id,cycle,predicted_rul
1,1,125.0
1,2,125.0
1,3,125.0
1,4,125.0
1,5,125.0
1,6,125.0
1,7,125.0
1,8,125.0
1,9,125.0
1,10,125.0
1,11,125.0
1,12,125.0
1,13,125.0
1,14,125.0
1,15,125.0
1,16,125.0
1,17,125.0
1,18,125.0
1,19,125.0
1,20,125.0
1,21,125.0
1,22,125.0
1,23,125.0
1,24,125.0
1,25,125.0
1,26,125.0
1,27,125.0
1,28,125.0
1,29,125.0
1,30,125.0
1,31,125.0
1,32,125.0
1,33,125.0
1,34,125.0
1,35,125.0
1,36,125.0
1,37,125.0
1,38,125.0
1,39,125.0
1,40,125.0
1,41,125.0
1,42,125.0
1,43,125.0
1,44,125.0
1,45,125.0
1,46,125.0
1,47,125.0
1,48,125.0
1,49,125.0
1,50,125.0
1,51,125.0
1,52,125.0
1,53,125.0
1,54,125.0
1,55,125.0
1,56,125.0
1,57,125.0
1,58,125.0
1,59,125.0
1,60,125.0
1,61,125.0
1,62,125.0
1,63,125.0
1,64,125.0
1,65,125.0
1,66,125.0
1,67,125.0
1,68,124.0
1,69,123.0
1,70,122.0
1,71,121.0
1,72,120.0
1,73,119.0
1,74,118.0
1,75,117.0
1,76,116.0
1,77,115.0
1,78,114.0
1,79,113.0
1,80,112.0
1,81,111.0
1,82,110.0
1,83,109.0
1,84,108.0
1,85,107.0
1,86,106.0
1,87,105.0
1,88,104.0
1,89,103.0
1,90,102.0
1,91,101.0
1,92,100.0
1,93,99.0
1,94,98.0
1,95,97.0
1,96,96.0
1,97,95.0
1,98,94.0
1,99,93.0
1,100,92.0
1,101,91.0
1,102,90.0
1,103,89.0
1,104,88.0
1,105,87.0
1,106,86.0
1,107,85.0
1,108,84.0
1,109,83.0
1,110,82.0
1,111,81.0
1,112,80.0
1,113,79.0
1,114,78.0
1,115,77.0
1,116,76.0
1,117,75.0
1,118,74.0
1,119,73.0
1,120,72.0
1,121,71.0
1,122,70.0
1,123,69.0
1,124,68.0
1,125,67.0
1,126,66.0
1,127,65.0
1,128,64.0
1,129,63.0
1,130,62.0
1,131,61.0
1,132,60.0
1,133,59.0
1,134,58.0
1,135,57.0
1,136,56.0
1,137,55.0
1,138,54.0
1,139,53.0
1,140,52.0
1,141,51.0
1,142,50.0
1,143,49.0
1,144,48.0
1,145,47.0
1,146,46.0
1,147,45.0
1,148,44.0
1,149,43.0
1,150,42.0
1,151,41.0
1,152,40.0
1,153,39.0
1,154,38.0
1,155,37.0
1,156,36.0
1,157,35.0
1,158,34.0
1,159,33.0
1,160,32.0
1,161,31.0
1,162,30.0
1,163,29.0
1,164,28.0
1,165,27.0
1,166,26.0
1,167,25.0
1,168,24.0
1,169,23.0
1,170,22.0
1,171,21.0
1,172,20.0
1,173,19.0
1,174,18.0
1,175,17.0
1,176,16.0
1,177,15.0
1,178,14.0
1,179,13.0
1,180,12.0
1,181,11.0
1,182,10.0
1,183,9.0
1,184,8.0
1,185,7.0
1,186,6.0
1,187,5.0
1,188,4.0
1,189,3.0
1,190,2.0
1,191,1.0
1,192,0.0
5,1,125.0
5,2,125.0
5,3,125.0
5,4,125.0
5,5,125.0
5,6,125.0
5,7,125.0
5,8,125.0
5,9,125.0
5,10,125.0
5,11,125.0
5,12,125.0
5,13,125.0
5,14,125.0
5,15,125.0
5,16,125.0
5,17,125.0
5,18,125.0
5,19,125.0
5,20,125.0
5,21,125.0
5,22,125.0
5,23,125.0
5,24,125.0
5,25,125.0
5,26,125.0
5,27,125.0
5,28,125.0
5,29,125.0
5,30,125.0
5,31,125.0
5,32,125.0
5,33,125.0
5,34,125.0
5,35,125.0
5,36,125.0
5,37,125.0
5,38,125.0
5,39,125.0
5,40,125.0
5,41,125.0
5,42,125.0
5,43,125.0
5,44,125.0
5,45,125.0
5,46,125.0
5,47,125.0
5,48,125.0
5,49,125.0
5,50,125.0
5,51,125.0
5,52,125.0
5,53,125.0
5,54,125.0
5,55,125.0
5,56,125.0
5,57,125.0
5,58,125.0
5,59,125.0
5,60,125.0
5,61,125.0
5,62,125.0
5,63,125.0
5,64,125.0
5,65,125.0
5,66,125.0
5,67,125.0
5,68,125.0
5,69,125.0
5,70,125.0
5,71,125.0
5,72,125.0
5,73,125.0
5,74,125.0
5,75,125.0
5,76,125.0
5,77,125.0
5,78,125.0
5,79,125.0
5,80,125.0
5,81,125.0
5,82,125.0
5,83,125.0
5,84,125.0
5,85,125.0
5,86,125.0
5,87,125.0
5,88,125.0
5,89,125.0
5,90,125.0
5,91,125.0
5,92,125.0
5,93,125.0
5,94,125.0
5,95,125.0
5,96,125.0
5,97,125.0
5,98,125.0
5,99,125.0
5,100,125.0
5,101,125.0
5,102,125.0
5,103,125.0
5,104,125.0
5,105,125.0
5,106,125.0
5,107,125.0
5,108,125.0
5,109,125.0
5,110,125.0
5,111,125.0
5,112,125.0
5,113,125.0
5,114,125.0
5,115,125.0
5,116,125.0
5,117,125.0
5,118,125.0
5,119,125.0
5,120,125.0
5,121,125.0
5,122,125.0
5,123,125.0
5,124,125.0
5,125,125.0
5,126,125.0
5,127,125.0
5,128,125.0
5,129,125.0
5,130,125.0
5,131,125.0
5,132,125.0
5,133,125.0
5,134,125.0
5,135,125.0
5,136,125.0
5,137,125.0
5,138,125.0
5,139,125.0
5,140,125.0
5,141,125.0
5,142,125.0
5,143,125.0
5,144,125.0
5,145,124.0
5,146,123.0
5,147,122.0
5,148,121.0
5,149,120.0
5,150,119.0
5,151,118.0
5,152,117.0
5,153,116.0
5,154,115.0
5,155,114.0
5,156,113.0
5,157,112.0
5,158,111.0
5,159,110.0
5,160,109.0
5,161,108.0
5,162,107.0
5,163,106.0
5,164,105.0
5,165,104.0
5,166,103.0
5,167,102.0
5,168,101.0
5,169,100.0
5,170,99.0
5,171,98.0
5,172,97.0
5,173,96.0
5,174,95.0
5,175,94.0
5,176,93.0
5,177,92.0
5,178,91.0
5,179,90.0
5,180,89.0
5,181,88.0
5,182,87.0
5,183,86.0
5,184,85.0
5,185,84.0
5,186,83.0
5,187,82.0
5,188,81.0
5,189,80.0
5,190,79.0
5,191,78.0
5,192,77.0
5,193,76.0
5,194,75.0
5,195,74.0
5,196,73.0
5,197,72.0
5,198,71.0
5,199,70.0
5,200,69.0
5,201,68.0
5,202,67.0
5,203,66.0
5,204,65.0
5,205,64.0
5,206,63.0
5,207,62.0
5,208,61.0
5,209,60.0
5,210,59.0
5,211,58.0
5,212,57.0
5,213,56.0
5,214,55.0
5,215,54.0
5,216,53.0
5,217,52.0
5,218,51.0
5,219,50.0
5,220,49.0
5,221,48.0
5,222,47.0
5,223,46.0
5,224,45.0
5,225,44.0
5,226,43.0
5,227,42.0
5,228,41.0
5,229,40.0
5,230,39.0
5,231,38.0
5,232,37.0
5,233,36.0
5,234,35.0
5,235,34.0
5,236,33.0
5,237,32.0
5,238,31.0
5,239,30.0
5,240,29.0
5,241,28.0
5,242,27.0
5,243,26.0
5,244,25.0
5,245,24.0
5,246,23.0
5,247,22.0
5,248,21.0
5,249,20.0
5,250,19.0
5,251,18.0
5,252,17.0
5,253,16.0
5,254,15.0
5,255,14.0
5,256,13.0
5,257,12.0
5,258,11.0
5,259,10.0
5,260,9.0
5,261,8.0
5,262,7.0
5,263,6.0
5,264,5.0
5,265,4.0
5,266,3.0
5,267,2.0
5,268,1.0
5,269,0.0
11,1,125.0
11,2,125.0
11,3,125.0
11,4,125.0
11,5,125.0
11,6,125.0
11,7,125.0
11,8,125.0
11,9,125.0
11,10,125.0
11,11,125.0
11,12,125.0
11,13,125.0
11,14,125.0
11,15,125.0
11,16,125.0
11,17,125.0
11,18,125.0
11,19,125.0
11,20,125.0
11,21,125.0
11,22,125.0
11,23,125.0
11,24,125.0
11,25,125.0
11,26,125.0
11,27,125.0
11,28,125.0
11,29,125.0
11,30,125.0
11,31,125.0
11,32,125.0
11,33,125.0
11,34,125.0
11,35,125.0
11,36,125.0
11,37,125.0
11,38,125.0
11,39,125.0
11,40,125.0
11,41,125.0
11,42,125.0
11,43,125.0
11,44,125.0
11,45,125.0
11,46,125.0
11,47,125.0
11,48,125.0
11,49,125.0
11,50,125.0
11,51,125.0
11,52,125.0
11,53,125.0
11,54,125.0
11,55,125.0
11,56,125.0
11,57,125.0
11,58,125.0
11,59,125.0
11,60,125.0
11,61,125.0
11,62,125.0
11,63,125.0
11,64,125.0
11,65,125.0
11,66,125.0
11,67,125.0
11,68,125.0
11,69,125.0
11,70,125.0
11,71,125.0
11,72,125.0
11,73,125.0
11,74,125.0
11,75,125.0
11,76,125.0
11,77,125.0
11,78,125.0
11,79,125.0
11,80,125.0
11,81,125.0
11,82,125.0
11,83,125.0
11,84,125.0
11,85,125.0
11,86,125.0
11,87,125.0
11,88,125.0
11,89,125.0
11,90,125.0
11,91,125.0
11,92,125.0
11,93,125.0
11,94,125.0
11,95,125.0
11,96,125.0
11,97,125.0
11,98,125.0
11,99,125.0
11,100,125.0
11,101,125.0
11,102,125.0
11,103,125.0
11,104,125.0
11,105,125.0
11,106,125.0
11,107,125.0
11,108,125.0
11,109,125.0
11,110,125.0
11,111,125.0
11,112,125.0
11,113,125.0
11,114,125.0
11,115,125.0
11,116,124.0
11,117,123.0
11,118,122.0
11,119,121.0
11,120,120.0
11,121,119.0
11,122,118.0
11,123,117.0
11,124,116.0
11,125,115.0
11,126,114.0
11,127,113.0
11,128,112.0
11,129,111.0
11,130,110.0
11,131,109.0
11,132,108.0
11,133,107.0
11,134,106.0
11,135,105.0
11,136,104.0
11,137,103.0
11,138,102.0
11,139,101.0
11,140,100.0
11,141,99.0
11,142,98.0
11,143,97.0
11,144,96.0
11,145,95.0
11,146,94.0
11,147,93.0
11,148,92.0
11,149,91.0
11,150,90.0
11,151,89.0
11,152,88.0
11,153,87.0
11,154,86.0
11,155,85.0
11,156,84.0
11,157,83.0
11,158,82.0
11,159,81.0
11,160,80.0
11,161,79.0
11,162,78.0
11,163,77.0
11,164,76.0
11,165,75.0
11,166,74.0
11,167,73.0
11,168,72.0
11,169,71.0
11,170,70.0
11,171,69.0
11,172,68.0
11,173,67.0
11,174,66.0
11,175,65.0
11,176,64.0
11,177,63.0
11,178,62.0
11,179,61.0
11,180,60.0
11,181,59.0
11,182,58.0
11,183,57.0
11,184,56.0
11,185,55.0
11,186,54.0
11,187,53.0
11,188,52.0
11,189,51.0
11,190,50.0
11,191,49.0
11,192,48.0
11,193,47.0
11,194,46.0
11,195,45.0
11,196,44.0
11,197,43.0
11,198,42.0
11,199,41.0
11,200,40.0
11,201,39.0
11,202,38.0
11,203,37.0
11,204,36.0
11,205,35.0
11,206,34.0
11,207,33.0
11,208,32.0
11,209,31.0
11,210,30.0
11,211,29.0
11,212,28.0
11,213,27.0
11,214,26.0
11,215,25.0
11,216,24.0
11,217,23.0
11,218,22.0
11,219,21.0
11,220,20.0
11,221,19.0
11,222,18.0
11,223,17.0
11,224,16.0
11,225,15.0
11,226,14.0
11,227,13.0
11,228,12.0
11,229,11.0
11,230,10.0
11,231,9.0
11,232,8.0
11,233,7.0
11,234,6.0
11,235,5.0
11,236,4.0
11,237,3.0
11,238,2.0
11,239,1.0
11,240,0.0
13,1,125.0
13,2,125.0
13,3,125.0
13,4,125.0
13,5,125.0
13,6,125.0
13,7,125.0
13,8,125.0
13,9,125.0
13,10,125.0
13,11,125.0
13,12,125.0
13,13,125.0
13,14,125.0
13,15,125.0
13,16,125.0
13,17,125.0
13,18,125.0
13,19,125.0
13,20,125.0
13,21,125.0
13,22,125.0
13,23,125.0
13,24,125.0
13,25,125.0
13,26,125.0
13,27,125.0
13,28,125.0
13,29,125.0
13,30,125.0
13,31,125.0
13,32,125.0
13,33,125.0
13,34,125.0
13,35,125.0
13,36,125.0
13,37,125.0
13,38,125.0
13,39,124.0
13,40,123.0
13,41,122.0
13,42,121.0
13,43,120.0
13,44,119.0
13,45,118.0
13,46,117.0
13,47,116.0
13,48,115.0
13,49,114.0
13,50,113.0
13,51,112.0
13,52,111.0
13,53,110.0
13,54,109.0
13,55,108.0
13,56,107.0
13,57,106.0
13,58,105.0
13,59,104.0
13,60,103.0
13,61,102.0
13,62,101.0
13,63,100.0
13,64,99.0
13,65,98.0
13,66,97.0
13,67,96.0
13,68,95.0
13,69,94.0
13,70,93.0
13,71,92.0
13,72,91.0
13,73,90.0
13,74,89.0
13,75,88.0
13,76,87.0
13,77,86.0
13,78,85.0
13,79,84.0
13,80,83.0
13,81,82.0
13,82,81.0
13,83,80.0
13,84,79.0
13,85,78.0
13,86,77.0
13,87,76.0
13,88,75.0
13,89,74.0
13,90,73.0
13,91,72.0
13,92,71.0
13,93,70.0
13,94,69.0
13,95,68.0
13,96,67.0
13,97,66.0
13,98,65.0
13,99,64.0
13,100,63.0
13,101,62.0
13,102,61.0
13,103,60.0
13,104,59.0
13,105,58.0
13,106,57.0
13,107,56.0
13,108,55.0
13,109,54.0
13,110,53.0
13,111,52.0
13,112,51.0
13,113,50.0
13,114,49.0
13,115,48.0
13,116,47.0
13,117,46.0
13,118,45.0
13,119,44.0
13,120,43.0
13,121,42.0
13,122,41.0
13,123,40.0
13,124,39.0
13,125,38.0
13,126,37.0
13,127,36.0
13,128,35.0
13,129,34.0
13,130,33.0
13,131,32.0
13,132,31.0
13,133,30.0
13,134,29.0
13,135,28.0
13,136,27.0
13,137,26.0
13,138,25.0
13,139,24.0
13,140,23.0
13,141,22.0
13,142,21.0
13,143,20.0
13,144,19.0
13,145,18.0
13,146,17.0
13,147,16.0
13,148,15.0
13,149,14.0
13,150,13.0
13,151,12.0
13,152,11.0
13,153,10.0
13,154,9.0
13,155,8.0
13,156,7.0
13,157,6.0
13,158,5.0
13,159,4.0
13,160,3.0
13,161,2.0
13,162,1.0
13,163,0.0
19,1,125.0
19,2,125.0
19,3,125.0
19,4,125.0
19,5,125.0
19,6,125.0
19,7,125.0
19,8,125.0
19,9,125.0
19,10,125.0
19,11,125.0
19,12,125.0
19,13,125.0
19,14,125.0
19,15,125.0
19,16,125.0
19,17,125.0
19,18,125.0
19,19,125.0
19,20,125.0
19,21,125.0
19,22,125.0
19,23,125.0
19,24,125.0
19,25,125.0
19,26,125.0
19,27,125.0
19,28,125.0
19,29,125.0
19,30,125.0
19,31,125.0
19,32,125.0
19,33,125.0
19,34,124.0
19,35,123.0
19,36,122.0
19,37,121.0
19,38,120.0
19,39,119.0
19,40,118.0
19,41,117.0
19,42,116.0
19,43,115.0
19,44,114.0
19,45,113.0
19,46,112.0
19,47,111.0
19,48,110.0
19,49,109.0
19,50,108.0
19,51,107.0
19,52,106.0
19,53,105.0
19,54,104.0
19,55,103.0
19,56,102.0
19,57,101.0
19,58,100.0
19,59,99.0
19,60,98.0
19,61,97.0
19,62,96.0
19,63,95.0
19,64,94.0
19,65,93.0
19,66,92.0
19,67,91.0
19,68,90.0
19,69,89.0
19,70,88.0
19,71,87.0
19,72,86.0
19,73,85.0
19,74,84.0
19,75,83.0
19,76,82.0
19,77,81.0
19,78,80.0
19,79,79.0
19,80,78.0
19,81,77.0
19,82,76.0
19,83,75.0
19,84,74.0
19,85,73.0
19,86,72.0
19,87,71.0
19,88,70.0
19,89,69.0
19,90,68.0
19,91,67.0
19,92,66.0
19,93,65.0
19,94,64.0
19,95,63.0
19,96,62.0
19,97,61.0
19,98,60.0
19,99,59.0
19,100,58.0
19,101,57.0
19,102,56.0
19,103,55.0
19,104,54.0
19,105,53.0
19,106,52.0
19,107,51.0
19,108,50.0
19,109,49.0
19,110,48.0
19,111,47.0
19,112,46.0
19,113,45.0
19,114,44.0
19,115,43.0
19,116,42.0
19,117,41.0
19,118,40.0
19,119,39.0
19,120,38.0
19,121,37.0
19,122,36.0
19,123,35.0
19,124,34.0
19,125,33.0
19,126,32.0
19,127,31.0
19,128,30.0
19,129,29.0
19,130,28.0
19,131,27.0
19,132,26.0
19,133,25.0
19,134,24.0
19,135,23.0
19,136,22.0
19,137,21.0
19,138,20.0
19,139,19.0
19,140,18.0
19,141,17.0
19,142,16.0
19,143,15.0
19,144,14.0
19,145,13.0
19,146,12.0
19,147,11.0
19,148,10.0
19,149,9.0
19,150,8.0
19,151,7.0
19,152,6.0
19,153,5.0
19,154,4.0
19,155,3.0
19,156,2.0
19,157,1.0
19,158,0.0
23,1,125.0
23,2,125.0
23,3,125.0
23,4,125.0
23,5,125.0
23,6,125.0
23,7,125.0
23,8,125.0
23,9,125.0
23,10,125.0
23,11,125.0
23,12,125.0
23,13,125.0
23,14,125.0
23,15,125.0
23,16,125.0
23,17,125.0
23,18,125.0
23,19,125.0
23,20,125.0
23,21,125.0
23,22,125.0
23,23,125.0
23,24,125.0
23,25,125.0
23,26,125.0
23,27,125.0
23,28,125.0
23,29,125.0
23,30,125.0
23,31,125.0
23,32,125.0
23,33,125.0
23,34,125.0
23,35,125.0
23,36,125.0
23,37,125.0
23,38,125.0
23,39,125.0
23,40,125.0
23,41,125.0
23,42,125.0
23,43,125.0
23,44,124.0
23,45,123.0
23,46,122.0
23,47,121.0
23,48,120.0
23,49,119.0
23,50,118.0
23,51,117.0
23,52,116.0
23,53,115.0
23,54,114.0
23,55,113.0
23,56,112.0
23,57,111.0
23,58,110.0
23,59,109.0
23,60,108.0
23,61,107.0
23,62,106.0
23,63,105.0
23,64,104.0
23,65,103.0
23,66,102.0
23,67,101.0
23,68,100.0
23,69,99.0
23,70,98.0
23,71,97.0
23,72,96.0
23,73,95.0
23,74,94.0
23,75,93.0
23,76,92.0
23,77,91.0
23,78,90.0
23,79,89.0
23,80,88.0
23,81,87.0
23,82,86.0
23,83,85.0
23,84,84.0
23,85,83.0
23,86,82.0
23,87,81.0
23,88,80.0
23,89,79.0
23,90,78.0
23,91,77.0
23,92,76.0
23,93,75.0
23,94,74.0
23,95,73.0
23,96,72.0
23,97,71.0
23,98,70.0
23,99,69.0
23,100,68.0
23,101,67.0
23,102,66.0
23,103,65.0
23,104,64.0
23,105,63.0
23,106,62.0
23,107,61.0
23,108,60.0
23,109,59.0
23,110,58.0
23,111,57.0
23,112,56.0
23,113,55.0
23,114,54.0
23,115,53.0
23,116,52.0
23,117,51.0
23,118,50.0
23,119,49.0
23,120,48.0
23,121,47.0
23,122,46.0
23,123,45.0
23,124,44.0
23,125,43.0
23,126,42.0
23,127,41.0
23,128,40.0
23,129,39.0
23,130,38.0
23,131,37.0
23,132,36.0
23,133,35.0
23,134,34.0
23,135,33.0
23,136,32.0
23,137,31.0
23,138,30.0
23,139,29.0
23,140,28.0
23,141,27.0
23,142,26.0
23,143,25.0
23,144,24.0
23,145,23.0
23,146,22.0
23,147,21.0
23,148,20.0
23,149,19.0
23,150,18.0
23,151,17.0
23,152,16.0
23,153,15.0
23,154,14.0
23,155,13.0
23,156,12.0
23,157,11.0
23,158,10.0
23,159,9.0
23,160,8.0
23,161,7.0
23,162,6.0
23,163,5.0
23,164,4.0
23,165,3.0
23,166,2.0
23,167,1.0
23,168,0.0
31,1,125.0
31,2,125.0
31,3,125.0
31,4,125.0
31,5,125.0
31,6,125.0
31,7,125.0
31,8,125.0
31,9,125.0
31,10,125.0
31,11,125.0
31,12,125.0
31,13,125.0
31,14,125.0
31,15,125.0
31,16,125.0
31,17,125.0
31,18,125.0
31,19,125.0
31,20,125.0
31,21,125.0
31,22,125.0
31,23,125.0
31,24,125.0
31,25,125.0
31,26,125.0
31,27,125.0
31,28,125.0
31,29,125.0
31,30,125.0
31,31,125.0
31,32,125.0
31,33,125.0
31,34,125.0
31,35,125.0
31,36,125.0
31,37,125.0
31,38,125.0
31,39,125.0
31,40,125.0
31,41,125.0
31,42,125.0
31,43,125.0
31,44,125.0
31,45,125.0
31,46,125.0
31,47,125.0
31,48,125.0
31,49,125.0
31,50,125.0
31,51,125.0
31,52,125.0
31,53,125.0
31,54,125.0
31,55,125.0
31,56,125.0
31,57,125.0
31,58,125.0
31,59,125.0
31,60,125.0
31,61,125.0
31,62,125.0
31,63,125.0
31,64,125.0
31,65,125.0
31,66,125.0
31,67,125.0
31,68,125.0
31,69,125.0
31,70,125.0
31,71,125.0
31,72,125.0
31,73,125.0
31,74,125.0
31,75,125.0
31,76,125.0
31,77,125.0
31,78,125.0
31,79,125.0
31,80,125.0
31,81,125.0
31,82,125.0
31,83,125.0
31,84,125.0
31,85,125.0
31,86,125.0
31,87,125.0
31,88,125.0
31,89,125.0
31,90,125.0
31,91,125.0
31,92,125.0
31,93,125.0
31,94,125.0
31,95,125.0
31,96,125.0
31,97,125.0
31,98,125.0
31,99,125.0
31,100,125.0
31,101,125.0
31,102,125.0
31,103,125.0
31,104,125.0
31,105,125.0
31,106,125.0
31,107,125.0
31,108,125.0
31,109,125.0
31,110,124.0
31,111,123.0
31,112,122.0
31,113,121.0
31,114,120.0
31,115,119.0
31,116,118.0
31,117,117.0
31,118,116.0
31,119,115.0
31,120,114.0
31,121,113.0
31,122,112.0
31,123,111.0
31,124,110.0
31,125,109.0
31,126,108.0
31,127,107.0
31,128,106.0
31,129,105.0
31,130,104.0
31,131,103.0
31,132,102.0
31,133,101.0
31,134,100.0
31,135,99.0
31,136,98.0
31,137,97.0
31,138,96.0
31,139,95.0
31,140,94.0
31,141,93.0
31,142,92.0
31,143,91.0
31,144,90.0
31,145,89.0
31,146,88.0
31,147,87.0
31,148,86.0
31,149,85.0
31,150,84.0
31,151,83.0
31,152,82.0
31,153,81.0
31,154,80.0
31,155,79.0
31,156,78.0
31,157,77.0
31,158,76.0
31,159,75.0
31,160,74.0
31,161,73.0
31,162,72.0
31,163,71.0
31,164,70.0
31,165,69.0
31,166,68.0
31,167,67.0
31,168,66.0
31,169,65.0
31,170,64.0
31,171,63.0
31,172,62.0
31,173,61.0
31,174,60.0
31,175,59.0
31,176,58.0
31,177,57.0
31,178,56.0
31,179,55.0
31,180,54.0
31,181,53.0
31,182,52.0
31,183,51.0
31,184,50.0
31,185,49.0
31,186,48.0
31,187,47.0
31,188,46.0
31,189,45.0
31,190,44.0
31,191,43.0
31,192,42.0
31,193,41.0
31,194,40.0
31,195,39.0
31,196,38.0
31,197,37.0
31,198,36.0
31,199,35.0
31,200,34.0
31,201,33.0
31,202,32.0
31,203,31.0
31,204,30.0
31,205,29.0
31,206,28.0
31,207,27.0
31,208,26.0
31,209,25.0
31,210,24.0
31,211,23.0
31,212,22.0
31,213,21.0
31,214,20.0
31,215,19.0
31,216,18.0
31,217,17.0
31,218,16.0
31,219,15.0
31,220,14.0
31,221,13.0
31,222,12.0
31,223,11.0
31,224,10.0
31,225,9.0
31,226,8.0
31,227,7.0
31,228,6.0
31,229,5.0
31,230,4.0
31,231,3.0
31,232,2.0
31,233,1.0
31,234,0.0
32,1,125.0
32,2,125.0
32,3,125.0
32,4,125.0
32,5,125.0
32,6,125.0
32,7,125.0
32,8,125.0
32,9,125.0
32,10,125.0
32,11,125.0
32,12,125.0
32,13,125.0
32,14,125.0
32,15,125.0
32,16,125.0
32,17,125.0
32,18,125.0
32,19,125.0
32,20,125.0
32,21,125.0
32,22,125.0
32,23,125.0
32,24,125.0
32,25,125.0
32,26,125.0
32,27,125.0
32,28,125.0
32,29,125.0
32,30,125.0
32,31,125.0
32,32,125.0
32,33,125.0
32,34,125.0
32,35,125.0
32,36,125.0
32,37,125.0
32,38,125.0
32,39,125.0
32,40,125.0
32,41,125.0
32,42,125.0
32,43,125.0
32,44,125.0
32,45,125.0
32,46,125.0
32,47,125.0
32,48,125.0
32,49,125.0
32,50,125.0
32,51,125.0
32,52,125.0
32,53,125.0
32,54,125.0
32,55,125.0
32,56,125.0
32,57,125.0
32,58,125.0
32,59,125.0
32,60,125.0
32,61,125.0
32,62,125.0
32,63,125.0
32,64,125.0
32,65,125.0
32,66,125.0
32,67,124.0
32,68,123.0
32,69,122.0
32,70,121.0
32,71,120.0
32,72,119.0
32,73,118.0
32,74,117.0
32,75,116.0
32,76,115.0
32,77,114.0
32,78,113.0
32,79,112.0
32,80,111.0
32,81,110.0
32,82,109.0
32,83,108.0
32,84,107.0
32,85,106.0
32,86,105.0
32,87,104.0
32,88,103.0
32,89,102.0
32,90,101.0
32,91,100.0
32,92,99.0
32,93,98.0
32,94,97.0
32,95,96.0
32,96,95.0
32,97,94.0
32,98,93.0
32,99,92.0
32,100,91.0
32,101,90.0
32,102,89.0
32,103,88.0
32,104,87.0
32,105,86.0
32,106,85.0
32,107,84.0
32,108,83.0
32,109,82.0
32,110,81.0
32,111,80.0
32,112,79.0
32,113,78.0
32,114,77.0
32,115,76.0
32,116,75.0
32,117,74.0
32,118,73.0
32,119,72.0
32,120,71.0
32,121,70.0
32,122,69.0
32,123,68.0
32,124,67.0
32,125,66.0
32,126,65.0
32,127,64.0
32,128,63.0
32,129,62.0
32,130,61.0
32,131,60.0
32,132,59.0
32,133,58.0
32,134,57.0
32,135,56.0
32,136,55.0
32,137,54.0
32,138,53.0
32,139,52.0
32,140,51.0
32,141,50.0
32,142,49.0
32,143,48.0
32,144,47.0
32,145,46.0
32,146,45.0
32,147,44.0
32,148,43.0
32,149,42.0
32,150,41.0
32,151,40.0
32,152,39.0
32,153,38.0
32,154,37.0
32,155,36.0
32,156,35.0
32,157,34.0
32,158,33.0
32,159,32.0
32,160,31.0
32,161,30.0
32,162,29.0
32,163,28.0
32,164,27.0
32,165,26.0
32,166,25.0
32,167,24.0
32,168,23.0
32,169,22.0
32,170,21.0
32,171,20.0
32,172,19.0
32,173,18.0
32,174,17.0
32,175,16.0
32,176,15.0
32,177,14.0
32,178,13.0
32,179,12.0
32,180,11.0
32,181,10.0
32,182,9.0
32,183,8.0
32,184,7.0
32,185,6.0
32,186,5.0
32,187,4.0
32,188,3.0
32,189,2.0
32,190,1.0
32,191,0.0
34,1,125.0
34,2,125.0
34,3,125.0
34,4,125.0
34,5,125.0
34,6,125.0
34,7,125.0
34,8,125.0
34,9,125.0
34,10,125.0
34,11,125.0
34,12,125.0
34,13,125.0
34,14,125.0
34,15,125.0
34,16,125.0
34,17,125.0
34,18,125.0
34,19,125.0
34,20,125.0
34,21,125.0
34,22,125.0
34,23,125.0
34,24,125.0
34,25,125.0
34,26,125.0
34,27,125.0
34,28,125.0
34,29,125.0
34,30,125.0
34,31,125.0
34,32,125.0
34,33,125.0
34,34,125.0
34,35,125.0
34,36,125.0
34,37,125.0
34,38,125.0
34,39,125.0
34,40,125.0
34,41,125.0
34,42,125.0
34,43,125.0
34,44,125.0
34,45,125.0
34,46,125.0
34,47,125.0
34,48,125.0
34,49,125.0
34,50,125.0
34,51,125.0
34,52,125.0
34,53,125.0
34,54,125.0
34,55,125.0
34,56,125.0
34,57,125.0
34,58,125.0
34,59,125.0
34,60,125.0
34,61,125.0
34,62,125.0
34,63,125.0
34,64,125.0
34,65,125.0
34,66,125.0
34,67,125.0
34,68,125.0
34,69,125.0
34,70,125.0
34,71,124.0
34,72,123.0
34,73,122.0
34,74,121.0
34,75,120.0
34,76,119.0
34,77,118.0
34,78,117.0
34,79,116.0
34,80,115.0
34,81,114.0
34,82,113.0
34,83,112.0
34,84,111.0
34,85,110.0
34,86,109.0
34,87,108.0
34,88,107.0
34,89,106.0
34,90,105.0
34,91,104.0
34,92,103.0
34,93,102.0
34,94,101.0
34,95,100.0
34,96,99.0
34,97,98.0
34,98,97.0
34,99,96.0
34,100,95.0
34,101,94.0
34,102,93.0
34,103,92.0
34,104,91.0
34,105,90.0
34,106,89.0
34,107,88.0
34,108,87.0
34,109,86.0
34,110,85.0
34,111,84.0
34,112,83.0
34,113,82.0
34,114,81.0
34,115,80.0
34,116,79.0
34,117,78.0
34,118,77.0
34,119,76.0
34,120,75.0
34,121,74.0
34,122,73.0
34,123,72.0
34,124,71.0
34,125,70.0
34,126,69.0
34,127,68.0
34,128,67.0
34,129,66.0
34,130,65.0
34,131,64.0
34,132,63.0
34,133,62.0
34,134,61.0
34,135,60.0
34,136,59.0
34,137,58.0
34,138,57.0
34,139,56.0
34,140,55.0
34,141,54.0
34,142,53.0
34,143,52.0
34,144,51.0
34,145,50.0
34,146,49.0
34,147,48.0
34,148,47.0
34,149,46.0
34,150,45.0
34,151,44.0
34,152,43.0
34,153,42.0
34,154,41.0
34,155,40.0
34,156,39.0
34,157,38.0
34,158,37.0
34,159,36.0
34,160,35.0
34,161,34.0
34,162,33.0
34,163,32.0
34,164,31.0
34,165,30.0
34,166,29.0
34,167,28.0
34,168,27.0
34,169,26.0
34,170,25.0
34,171,24.0
34,172,23.0
34,173,22.0
34,174,21.0
34,175,20.0
34,176,19.0
34,177,18.0
34,178,17.0
34,179,16.0
34,180,15.0
34,181,14.0
34,182,13.0
34,183,12.0
34,184,11.0
34,185,10.0
34,186,9.0
34,187,8.0
34,188,7.0
34,189,6.0
34,190,5.0
34,191,4.0
34,192,3.0
34,193,2.0
34,194,1.0
34,195,0.0
40,1,125.0
40,2,125.0
40,3,125.0
40,4,125.0
40,5,125.0
40,6,125.0
40,7,125.0
40,8,125.0
40,9,125.0
40,10,125.0
40,11,125.0
40,12,125.0
40,13,125.0
40,14,125.0
40,15,125.0
40,16,125.0
40,17,125.0
40,18,125.0
40,19,125.0
40,20,125.0
40,21,125.0
40,22,125.0
40,23,125.0
40,24,125.0
40,25,125.0
40,26,125.0
40,27,125.0
40,28,125.0
40,29,125.0
40,30,125.0
40,31,125.0
40,32,125.0
40,33,125.0
40,34,125.0
40,35,125.0
40,36,125.0
40,37,125.0
40,38,125.0
40,39,125.0
40,40,125.0
40,41,125.0
40,42,125.0
40,43,125.0
40,44,125.0
40,45,125.0
40,46,125.0
40,47,125.0
40,48,125.0
40,49,125.0
40,50,125.0
40,51,125.0
40,52,125.0
40,53,125.0
40,54,125.0
40,55,125.0
40,56,125.0
40,57,125.0
40,58,125.0
40,59,125.0
40,60,125.0
40,61,125.0
40,62,125.0
40,63,125.0
40,64,124.0
40,65,123.0
40,66,122.0
40,67,121.0
40,68,120.0
40,69,119.0
40,70,118.0
40,71,117.0
40,72,116.0
40,73,115.0
40,74,114.0
40,75,113.0
40,76,112.0
40,77,111.0
40,78,110.0
40,79,109.0
40,80,108.0
40,81,107.0
40,82,106.0
40,83,105.0
40,84,104.0
40,85,103.0
40,86,102.0
40,87,101.0
40,88,100.0
40,89,99.0
40,90,98.0
40,91,97.0
40,92,96.0
40,93,95.0
40,94,94.0
40,95,93.0
40,96,92.0
40,97,91.0
40,98,90.0
40,99,89.0
40,100,88.0
40,101,87.0
40,102,86.0
40,103,85.0
40,104,84.0
40,105,83.0
40,106,82.0
40,107,81.0
40,108,80.0
40,109,79.0
40,110,78.0
40,111,77.0
40,112,76.0
40,113,75.0
40,114,74.0
40,115,73.0
40,116,72.0
40,117,71.0
40,118,70.0
40,119,69.0
40,120,68.0
40,121,67.0
40,122,66.0
40,123,65.0
40,124,64.0
40,125,63.0
40,126,62.0
40,127,61.0
40,128,60.0
40,129,59.0
40,130,58.0
40,131,57.0
40,132,56.0
40,133,55.0
40,134,54.0
40,135,53.0
40,136,52.0
40,137,51.0
40,138,50.0
40,139,49.0
40,140,48.0
40,141,47.0
40,142,46.0
40,143,45.0
40,144,44.0
40,145,43.0
40,146,42.0
40,147,41.0
40,148,40.0
40,149,39.0
40,150,38.0
40,151,37.0
40,152,36.0
40,153,35.0
40,154,34.0
40,155,33.0
40,156,32.0
40,157,31.0
40,158,30.0
40,159,29.0
40,160,28.0
40,161,27.0
40,162,26.0
40,163,25.0
40,164,24.0
40,165,23.0
40,166,22.0
40,167,21.0
40,168,20.0
40,169,19.0
40,170,18.0
40,171,17.0
40,172,16.0
40,173,15.0
40,174,14.0
40,175,13.0
40,176,12.0
40,177,11.0
40,178,10.0
40,179,9.0
40,180,8.0
40,181,7.0
40,182,6.0
40,183,5.0
40,184,4.0
40,185,3.0
40,186,2.0
40,187,1.0
40,188,0.0
45,1,125.0
45,2,125.0
45,3,125.0
45,4,125.0
45,5,125.0
45,6,125.0
45,7,125.0
45,8,125.0
45,9,125.0
45,10,125.0
45,11,125.0
45,12,125.0
45,13,125.0
45,14,125.0
45,15,125.0
45,16,125.0
45,17,125.0
45,18,125.0
45,19,125.0
45,20,125.0
45,21,125.0
45,22,125.0
45,23,125.0
45,24,125.0
45,25,125.0
45,26,125.0
45,27,125.0
45,28,125.0
45,29,125.0
45,30,125.0
45,31,125.0
45,32,125.0
45,33,125.0
45,34,124.0
45,35,123.0
45,36,122.0
45,37,121.0
45,38,120.0
45,39,119.0
45,40,118.0
45,41,117.0
45,42,116.0
45,43,115.0
45,44,114.0
45,45,113.0
45,46,112.0
45,47,111.0
45,48,110.0
45,49,109.0
45,50,108.0
45,51,107.0
45,52,106.0
45,53,105.0
45,54,104.0
45,55,103.0
45,56,102.0
45,57,101.0
45,58,100.0
45,59,99.0
45,60,98.0
45,61,97.0
45,62,96.0
45,63,95.0
45,64,94.0
45,65,93.0
45,66,92.0
45,67,91.0
45,68,90.0
45,69,89.0
45,70,88.0
45,71,87.0
45,72,86.0
45,73,85.0
45,74,84.0
45,75,83.0
45,76,82.0
45,77,81.0
45,78,80.0
45,79,79.0
45,80,78.0
45,81,77.0
45,82,76.0
45,83,75.0
45,84,74.0
45,85,73.0
45,86,72.0
45,87,71.0
45,88,70.0
45,89,69.0
45,90,68.0
45,91,67.0
45,92,66.0
45,93,65.0
45,94,64.0
45,95,63.0
45,96,62.0
45,97,61.0
45,98,60.0
45,99,59.0
45,100,58.0
45,101,57.0
45,102,56.0
45,103,55.0
45,104,54.0
45,105,53.0
45,106,52.0
45,107,51.0
45,108,50.0
45,109,49.0
45,110,48.0
45,111,47.0
45,112,46.0
45,113,45.0
45,114,44.0
45,115,43.0
45,116,42.0
45,117,41.0
45,118,40.0
45,119,39.0
45,120,38.0
45,121,37.0
45,122,36.0
45,123,35.0
45,124,34.0
45,125,33.0
45,126,32.0
45,127,31.0
45,128,30.0
45,129,29.0
45,130,28.0
45,131,27.0
45,132,26.0
45,133,25.0
45,134,24.0
45,135,23.0
45,136,22.0
45,137,21.0
45,138,20.0
45,139,19.0
45,140,18.0
45,141,17.0
45,142,16.0
45,143,15.0
45,144,14.0
45,145,13.0
45,146,12.0
45,147,11.0
45,148,10.0
45,149,9.0
45,150,8.0
45,151,7.0
45,152,6.0
45,153,5.0
45,154,4.0
45,155,3.0
45,156,2.0
45,157,1.0
45,158,0.0
46,1,125.0
46,2,125.0
46,3,125.0
46,4,125.0
46,5,125.0
46,6,125.0
46,7,125.0
46,8,125.0
46,9,125.0
46,10,125.0
46,11,125.0
46,12,125.0
46,13,125.0
46,14,125.0
46,15,125.0
46,16,125.0
46,17,125.0
46,18,125.0
46,19,125.0
46,20,125.0
46,21,125.0
46,22,125.0
46,23,125.0
46,24,125.0
46,25,125.0
46,26,125.0
46,27,125.0
46,28,125.0
46,29,125.0
46,30,125.0
46,31,125.0
46,32,125.0
46,33,125.0
46,34,125.0
46,35,125.0
46,36,125.0
46,37,125.0
46,38,125.0
46,39,125.0
46,40,125.0
46,41,125.0
46,42,125.0
46,43,125.0
46,44,125.0
46,45,125.0
46,46,125.0
46,47,125.0
46,48,125.0
46,49,125.0
46,50,125.0
46,51,125.0
46,52,125.0
46,53,125.0
46,54,125.0
46,55,125.0
46,56,125.0
46,57,125.0
46,58,125.0
46,59,125.0
46,60,125.0
46,61,125.0
46,62,125.0
46,63,125.0
46,64,125.0
46,65,125.0
46,66,125.0
46,67,125.0
46,68,125.0
46,69,125.0
46,70,125.0
46,71,125.0
46,72,125.0
46,73,125.0
46,74,125.0
46,75,125.0
46,76,125.0
46,77,125.0
46,78,125.0
46,79,125.0
46,80,125.0
46,81,125.0
46,82,125.0
46,83,125.0
46,84,125.0
46,85,125.0
46,86,125.0
46,87,125.0
46,88,125.0
46,89,125.0
46,90,125.0
46,91,125.0
46,92,125.0
46,93,125.0
46,94,125.0
46,95,125.0
46,96,125.0
46,97,125.0
46,98,125.0
46,99,125.0
46,100,125.0
46,101,125.0
46,102,125.0
46,103,125.0
46,104,125.0
46,105,125.0
46,106,125.0
46,107,125.0
46,108,125.0
46,109,125.0
46,110,125.0
46,111,125.0
46,112,125.0
46,113,125.0
46,114,125.0
46,115,125.0
46,116,125.0
46,117,125.0
46,118,125.0
46,119,125.0
46,120,125.0
46,121,125.0
46,122,125.0
46,123,125.0
46,124,125.0
46,125,125.0
46,126,125.0
46,127,125.0
46,128,125.0
46,129,125.0
46,130,125.0
46,131,125.0
46,132,124.0
46,133,123.0
46,134,122.0
46,135,121.0
46,136,120.0
46,137,119.0
46,138,118.0
46,139,117.0
46,140,116.0
46,141,115.0
46,142,114.0
46,143,113.0
46,144,112.0
46,145,111.0
46,146,110.0
46,147,109.0
46,148,108.0
46,149,107.0
46,150,106.0
46,151,105.0
46,152,104.0
46,153,103.0
46,154,102.0
46,155,101.0
46,156,100.0
46,157,99.0
46,158,98.0
46,159,97.0
46,160,96.0
46,161,95.0
46,162,94.0
46,163,93.0
46,164,92.0
46,165,91.0
46,166,90.0
46,167,89.0
46,168,88.0
46,169,87.0
46,170,86.0
46,171,85.0
46,172,84.0
46,173,83.0
46,174,82.0
46,175,81.0
46,176,80.0
46,177,79.0
46,178,78.0
46,179,77.0
46,180,76.0
46,181,75.0
46,182,74.0
46,183,73.0
46,184,72.0
46,185,71.0
46,186,70.0
46,187,69.0
46,188,68.0
46,189,67.0
46,190,66.0
46,191,65.0
46,192,64.0
46,193,63.0
46,194,62.0
46,195,61.0
46,196,60.0
46,197,59.0
46,198,58.0
46,199,57.0
46,200,56.0
46,201,55.0
46,202,54.0
46,203,53.0
46,204,52.0
46,205,51.0
46,206,50.0
46,207,49.0
46,208,48.0
46,209,47.0
46,210,46.0
46,211,45.0
46,212,44.0
46,213,43.0
46,214,42.0
46,215,41.0
46,216,40.0
46,217,39.0
46,218,38.0
46,219,37.0
46,220,36.0
46,221,35.0
46,222,34.0
46,223,33.0
46,224,32.0
46,225,31.0
46,226,30.0
46,227,29.0
46,228,28.0
46,229,27.0
46,230,26.0
46,231,25.0
46,232,24.0
46,233,23.0
46,234,22.0
46,235,21.0
46,236,20.0
46,237,19.0
46,238,18.0
46,239,17.0
46,240,16.0
46,241,15.0
46,242,14.0
46,243,13.0
46,244,12.0
46,245,11.0
46,246,10.0
46,247,9.0
46,248,8.0
46,249,7.0
46,250,6.0
46,251,5.0
46,252,4.0
46,253,3.0
46,254,2.0
46,255,1.0
46,256,0.0
54,1,125.0
54,2,125.0
54,3,125.0
54,4,125.0
54,5,125.0
54,6,125.0
54,7,125.0
54,8,125.0
54,9,125.0
54,10,125.0
54,11,125.0
54,12,125.0
54,13,125.0
54,14,125.0
54,15,125.0
54,16,125.0
54,17,125.0
54,18,125.0
54,19,125.0
54,20,125.0
54,21,125.0
54,22,125.0
54,23,125.0
54,24,125.0
54,25,125.0
54,26,125.0
54,27,125.0
54,28,125.0
54,29,125.0
54,30,125.0
54,31,125.0
54,32,125.0
54,33,125.0
54,34,125.0
54,35,125.0
54,36,125.0
54,37,125.0
54,38,125.0
54,39,125.0
54,40,125.0
54,41,125.0
54,42,125.0
54,43,125.0
54,44,125.0
54,45,125.0
54,46,125.0
54,47,125.0
54,48,125.0
54,49,125.0
54,50,125.0
54,51,125.0
54,52,125.0
54,53,125.0
54,54,125.0
54,55,125.0
54,56,125.0
54,57,125.0
54,58,125.0
54,59,125.0
54,60,125.0
54,61,125.0
54,62,125.0
54,63,125.0
54,64,125.0
54,65,125.0
54,66,125.0
54,67,125.0
54,68,125.0
54,69,125.0
54,70,125.0
54,71,125.0
54,72,125.0
54,73,125.0
54,74,125.0
54,75,125.0
54,76,125.0
54,77,125.0
54,78,125.0
54,79,125.0
54,80,125.0
54,81,125.0
54,82,125.0
54,83,125.0
54,84,125.0
54,85,125.0
54,86,125.0
54,87,125.0
54,88,125.0
54,89,125.0
54,90,125.0
54,91,125.0
54,92,125.0
54,93,125.0
54,94,125.0
54,95,125.0
54,96,125.0
54,97,125.0
54,98,125.0
54,99,125.0
54,100,125.0
54,101,125.0
54,102,125.0
54,103,125.0
54,104,125.0
54,105,125.0
54,106,125.0
54,107,125.0
54,108,125.0
54,109,125.0
54,110,125.0
54,111,125.0
54,112,125.0
54,113,125.0
54,114,125.0
54,115,125.0
54,116,125.0
54,117,125.0
54,118,125.0
54,119,125.0
54,120,125.0
54,121,125.0
54,122,125.0
54,123,125.0
54,124,125.0
54,125,125.0
54,126,125.0
54,127,125.0
54,128,125.0
54,129,125.0
54,130,125.0
54,131,125.0
54,132,125.0
54,133,124.0
54,134,123.0
54,135,122.0
54,136,121.0
54,137,120.0
54,138,119.0
54,139,118.0
54,140,117.0
54,141,116.0
54,142,115.0
54,143,114.0
54,144,113.0
54,145,112.0
54,146,111.0
54,147,110.0
54,148,109.0
54,149,108.0
54,150,107.0
54,151,106.0
54,152,105.0
54,153,104.0
54,154,103.0
54,155,102.0
54,156,101.0
54,157,100.0
54,158,99.0
54,159,98.0
54,160,97.0
54,161,96.0
54,162,95.0
54,163,94.0
54,164,93.0
54,165,92.0
54,166,91.0
54,167,90.0
54,168,89.0
54,169,88.0
54,170,87.0
54,171,86.0
54,172,85.0
54,173,84.0
54,174,83.0
54,175,82.0
54,176,81.0
54,177,80.0
54,178,79.0
54,179,78.0
54,180,77.0
54,181,76.0
54,182,75.0
54,183,74.0
54,184,73.0
54,185,72.0
54,186,71.0
54,187,70.0
54,188,69.0
54,189,68.0
54,190,67.0
54,191,66.0
54,192,65.0
54,193,64.0
54,194,63.0
54,195,62.0
54,196,61.0
54,197,60.0
54,198,59.0
54,199,58.0
54,200,57.0
54,201,56.0
54,202,55.0
54,203,54.0
54,204,53.0
54,205,52.0
54,206,51.0
54,207,50.0
54,208,49.0
54,209,48.0
54,210,47.0
54,211,46.0
54,212,45.0
54,213,44.0
54,214,43.0
54,215,42.0
54,216,41.0
54,217,40.0
54,218,39.0
54,219,38.0
54,220,37.0
54,221,36.0
54,222,35.0
54,223,34.0
54,224,33.0
54,225,32.0
54,226,31.0
54,227,30.0
54,228,29.0
54,229,28.0
54,230,27.0
54,231,26.0
54,232,25.0
54,233,24.0
54,234,23.0
54,235,22.0
54,236,21.0
54,237,20.0
54,238,19.0
54,239,18.0
54,240,17.0
54,241,16.0
54,242,15.0
54,243,14.0
54,244,13.0
54,245,12.0
54,246,11.0
54,247,10.0
54,248,9.0
54,249,8.0
54,250,7.0
54,251,6.0
54,252,5.0
54,253,4.0
54,254,3.0
54,255,2.0
54,256,1.0
54,257,0.0
71,1,125.0
71,2,125.0
71,3,125.0
71,4,125.0
71,5,125.0
71,6,125.0
71,7,125.0
71,8,125.0
71,9,125.0
71,10,125.0
71,11,125.0
71,12,125.0
71,13,125.0
71,14,125.0
71,15,125.0
71,16,125.0
71,17,125.0
71,18,125.0
71,19,125.0
71,20,125.0
71,21,125.0
71,22,125.0
71,23,125.0
71,24,125.0
71,25,125.0
71,26,125.0
71,27,125.0
71,28,125.0
71,29,125.0
71,30,125.0
71,31,125.0
71,32,125.0
71,33,125.0
71,34,125.0
71,35,125.0
71,36,125.0
71,37,125.0
71,38,125.0
71,39,125.0
71,40,125.0
71,41,125.0
71,42,125.0
71,43,125.0
71,44,125.0
71,45,125.0
71,46,125.0
71,47,125.0
71,48,125.0
71,49,125.0
71,50,125.0
71,51,125.0
71,52,125.0
71,53,125.0
71,54,125.0
71,55,125.0
71,56,125.0
71,57,125.0
71,58,125.0
71,59,125.0
71,60,125.0
71,61,125.0
71,62,125.0
71,63,125.0
71,64,125.0
71,65,125.0
71,66,125.0
71,67,125.0
71,68,125.0
71,69,125.0
71,70,125.0
71,71,125.0
71,72,125.0
71,73,125.0
71,74,125.0
71,75,125.0
71,76,125.0
71,77,125.0
71,78,125.0
71,79,125.0
71,80,125.0
71,81,125.0
71,82,125.0
71,83,125.0
71,84,124.0
71,85,123.0
71,86,122.0
71,87,121.0
71,88,120.0
71,89,119.0
71,90,118.0
71,91,117.0
71,92,116.0
71,93,115.0
71,94,114.0
71,95,113.0
71,96,112.0
71,97,111.0
71,98,110.0
71,99,109.0
71,100,108.0
71,101,107.0
71,102,106.0
71,103,105.0
71,104,104.0
71,105,103.0
71,106,102.0
71,107,101.0
71,108,100.0
71,109,99.0
71,110,98.0
71,111,97.0
71,112,96.0
71,113,95.0
71,114,94.0
71,115,93.0
71,116,92.0
71,117,91.0
71,118,90.0
71,119,89.0
71,120,88.0
71,121,87.0
71,122,86.0
71,123,85.0
71,124,84.0
71,125,83.0
71,126,82.0
71,127,81.0
71,128,80.0
71,129,79.0
71,130,78.0
71,131,77.0
71,132,76.0
71,133,75.0
71,134,74.0
71,135,73.0
71,136,72.0
71,137,71.0
71,138,70.0
71,139,69.0
71,140,68.0
71,141,67.0
71,142,66.0
71,143,65.0
71,144,64.0
71,145,63.0
71,146,62.0
71,147,61.0
71,148,60.0
71,149,59.0
71,150,58.0
71,151,57.0
71,152,56.0
71,153,55.0
71,154,54.0
71,155,53.0
71,156,52.0
71,157,51.0
71,158,50.0
71,159,49.0
71,160,48.0
71,161,47.0
71,162,46.0
71,163,45.0
71,164,44.0
71,165,43.0
71,166,42.0
71,167,41.0
71,168,40.0
71,169,39.0
71,170,38.0
71,171,37.0
71,172,36.0
71,173,35.0
71,174,34.0
71,175,33.0
71,176,32.0
71,177,31.0
71,178,30.0
71,179,29.0
71,180,28.0
71,181,27.0
71,182,26.0
71,183,25.0
71,184,24.0
71,185,23.0
71,186,22.0
71,187,21.0
71,188,20.0
71,189,19.0
71,190,18.0
71,191,17.0
71,192,16.0
71,193,15.0
71,194,14.0
71,195,13.0
71,196,12.0
71,197,11.0
71,198,10.0
71,199,9.0
71,200,8.0
71,201,7.0
71,202,6.0
71,203,5.0
71,204,4.0
71,205,3.0
71,206,2.0
71,207,1.0
71,208,0.0
74,1,125.0
74,2,125.0
74,3,125.0
74,4,125.0
74,5,125.0
74,6,125.0
74,7,125.0
74,8,125.0
74,9,125.0
74,10,125.0
74,11,125.0
74,12,125.0
74,13,125.0
74,14,125.0
74,15,125.0
74,16,125.0
74,17,125.0
74,18,125.0
74,19,125.0
74,20,125.0
74,21,125.0
74,22,125.0
74,23,125.0
74,24,125.0
74,25,125.0
74,26,125.0
74,27,125.0
74,28,125.0
74,29,125.0
74,30,125.0
74,31,125.0
74,32,125.0
74,33,125.0
74,34,125.0
74,35,125.0
74,36,125.0
74,37,125.0
74,38,125.0
74,39,125.0
74,40,125.0
74,41,125.0
74,42,124.0
74,43,123.0
74,44,122.0
74,45,121.0
74,46,120.0
74,47,119.0
74,48,118.0
74,49,117.0
74,50,116.0
74,51,115.0
74,52,114.0
74,53,113.0
74,54,112.0
74,55,111.0
74,56,110.0
74,57,109.0
74,58,108.0
74,59,107.0
74,60,106.0
74,61,105.0
74,62,104.0
74,63,103.0
74,64,102.0
74,65,101.0
74,66,100.0
74,67,99.0
74,68,98.0
74,69,97.0
74,70,96.0
74,71,95.0
74,72,94.0
74,73,93.0
74,74,92.0
74,75,91.0
74,76,90.0
74,77,89.0
74,78,88.0
74,79,87.0
74,80,86.0
74,81,85.0
74,82,84.0
74,83,83.0
74,84,82.0
74,85,81.0
74,86,80.0
74,87,79.0
74,88,78.0
74,89,77.0
74,90,76.0
74,91,75.0
74,92,74.0
74,93,73.0
74,94,72.0
74,95,71.0
74,96,70.0
74,97,69.0
74,98,68.0
74,99,67.0
74,100,66.0
74,101,65.0
74,102,64.0
74,103,63.0
74,104,62.0
74,105,61.0
74,106,60.0
74,107,59.0
74,108,58.0
74,109,57.0
74,110,56.0
74,111,55.0
74,112,54.0
74,113,53.0
74,114,52.0
74,115,51.0
74,116,50.0
74,117,49.0
74,118,48.0
74,119,47.0
74,120,46.0
74,121,45.0
74,122,44.0
74,123,43.0
74,124,42.0
74,125,41.0
74,126,40.0
74,127,39.0
74,128,38.0
74,129,37.0
74,130,36.0
74,131,35.0
74,132,34.0
74,133,33.0
74,134,32.0
74,135,31.0
74,136,30.0
74,137,29.0
74,138,28.0
74,139,27.0
74,140,26.0
74,141,25.0
74,142,24.0
74,143,23.0
74,144,22.0
74,145,21.0
74,146,20.0
74,147,19.0
74,148,18.0
74,149,17.0
74,150,16.0
74,151,15.0
74,152,14.0
74,153,13.0
74,154,12.0
74,155,11.0
74,156,10.0
74,157,9.0
74,158,8.0
74,159,7.0
74,160,6.0
74,161,5.0
74,162,4.0
74,163,3.0
74,164,2.0
74,165,1.0
74,166,0.0
77,1,125.0
77,2,125.0
77,3,125.0
77,4,125.0
77,5,125.0
77,6,125.0
77,7,125.0
77,8,125.0
77,9,125.0
77,10,125.0
77,11,125.0
77,12,125.0
77,13,125.0
77,14,125.0
77,15,125.0
77,16,125.0
77,17,125.0
77,18,125.0
77,19,125.0
77,20,125.0
77,21,125.0
77,22,125.0
77,23,125.0
77,24,125.0
77,25,125.0
77,26,125.0
77,27,125.0
77,28,125.0
77,29,125.0
77,30,124.0
77,31,123.0
77,32,122.0
77,33,121.0
77,34,120.0
77,35,119.0
77,36,118.0
77,37,117.0
77,38,116.0
77,39,115.0
77,40,114.0
77,41,113.0
77,42,112.0
77,43,111.0
77,44,110.0
77,45,109.0
77,46,108.0
77,47,107.0
77,48,106.0
77,49,105.0
77,50,104.0
77,51,103.0
77,52,102.0
77,53,101.0
77,54,100.0
77,55,99.0
77,56,98.0
77,57,97.0
77,58,96.0
77,59,95.0
77,60,94.0
77,61,93.0
77,62,92.0
77,63,91.0
77,64,90.0
77,65,89.0
77,66,88.0
77,67,87.0
77,68,86.0
77,69,85.0
77,70,84.0
77,71,83.0
77,72,82.0
77,73,81.0
77,74,80.0
77,75,79.0
77,76,78.0
77,77,77.0
77,78,76.0
77,79,75.0
77,80,74.0
77,81,73.0
77,82,72.0
77,83,71.0
77,84,70.0
77,85,69.0
77,86,68.0
77,87,67.0
77,88,66.0
77,89,65.0
77,90,64.0
77,91,63.0
77,92,62.0
77,93,61.0
77,94,60.0
77,95,59.0
77,96,58.0
77,97,57.0
77,98,56.0
77,99,55.0
77,100,54.0
77,101,53.0
77,102,52.0
77,103,51.0
77,104,50.0
77,105,49.0
77,106,48.0
77,107,47.0
77,108,46.0
77,109,45.0
77,110,44.0
77,111,43.0
77,112,42.0
77,113,41.0
77,114,40.0
77,115,39.0
77,116,38.0
77,117,37.0
77,118,36.0
77,119,35.0
77,120,34.0
77,121,33.0
77,122,32.0
77,123,31.0
77,124,30.0
77,125,29.0
77,126,28.0
77,127,27.0
77,128,26.0
77,129,25.0
77,130,24.0
77,131,23.0
77,132,22.0
77,133,21.0
77,134,20.0
77,135,19.0
77,136,18.0
77,137,17.0
77,138,16.0
77,139,15.0
77,140,14.0
77,141,13.0
77,142,12.0
77,143,11.0
77,144,10.0
77,145,9.0
77,146,8.0
77,147,7.0
77,148,6.0
77,149,5.0
77,150,4.0
77,151,3.0
77,152,2.0
77,153,1.0
77,154,0.0
78,1,125.0
78,2,125.0
78,3,125.0
78,4,125.0
78,5,125.0
78,6,125.0
78,7,125.0
78,8,125.0
78,9,125.0
78,10,125.0
78,11,125.0
78,12,125.0
78,13,125.0
78,14,125.0
78,15,125.0
78,16,125.0
78,17,125.0
78,18,125.0
78,19,125.0
78,20,125.0
78,21,125.0
78,22,125.0
78,23,125.0
78,24,125.0
78,25,125.0
78,26,125.0
78,27,125.0
78,28,125.0
78,29,125.0
78,30,125.0
78,31,125.0
78,32,125.0
78,33,125.0
78,34,125.0
78,35,125.0
78,36,125.0
78,37,125.0
78,38,125.0
78,39,125.0
78,40,125.0
78,41,125.0
78,42,125.0
78,43,125.0
78,44,125.0
78,45,125.0
78,46,125.0
78,47,125.0
78,48,125.0
78,49,125.0
78,50,125.0
78,51,125.0
78,52,125.0
78,53,125.0
78,54,125.0
78,55,125.0
78,56,125.0
78,57,125.0
78,58,125.0
78,59,125.0
78,60,125.0
78,61,125.0
78,62,125.0
78,63,125.0
78,64,125.0
78,65,125.0
78,66,125.0
78,67,125.0
78,68,125.0
78,69,125.0
78,70,125.0
78,71,125.0
78,72,125.0
78,73,125.0
78,74,125.0
78,75,125.0
78,76,125.0
78,77,125.0
78,78,125.0
78,79,125.0
78,80,125.0
78,81,125.0
78,82,125.0
78,83,125.0
78,84,125.0
78,85,125.0
78,86,125.0
78,87,125.0
78,88,125.0
78,89,125.0
78,90,125.0
78,91,125.0
78,92,125.0
78,93,125.0
78,94,125.0
78,95,125.0
78,96,125.0
78,97,125.0
78,98,125.0
78,99,125.0
78,100,125.0
78,101,125.0
78,102,125.0
78,103,125.0
78,104,125.0
78,105,125.0
78,106,125.0
78,107,124.0
78,108,123.0
78,109,122.0
78,110,121.0
78,111,120.0
78,112,119.0
78,113,118.0
78,114,117.0
78,115,116.0
78,116,115.0
78,117,114.0
78,118,113.0
78,119,112.0
78,120,111.0
78,121,110.0
78,122,109.0
78,123,108.0
78,124,107.0
78,125,106.0
78,126,105.0
78,127,104.0
78,128,103.0
78,129,102.0
78,130,101.0
78,131,100.0
78,132,99.0
78,133,98.0
78,134,97.0
78,135,96.0
78,136,95.0
78,137,94.0
78,138,93.0
78,139,92.0
78,140,91.0
78,141,90.0
78,142,89.0
78,143,88.0
78,144,87.0
78,145,86.0
78,146,85.0
78,147,84.0
78,148,83.0
78,149,82.0
78,150,81.0
78,151,80.0
78,152,79.0
78,153,78.0
78,154,77.0
78,155,76.0
78,156,75.0
78,157,74.0
78,158,73.0
78,159,72.0
78,160,71.0
78,161,70.0
78,162,69.0
78,163,68.0
78,164,67.0
78,165,66.0
78,166,65.0
78,167,64.0
78,168,63.0
78,169,62.0
78,170,61.0
78,171,60.0
78,172,59.0
78,173,58.0
78,174,57.0
78,175,56.0
78,176,55.0
78,177,54.0
78,178,53.0
78,179,52.0
78,180,51.0
78,181,50.0
78,182,49.0
78,183,48.0
78,184,47.0
78,185,46.0
78,186,45.0
78,187,44.0
78,188,43.0
78,189,42.0
78,190,41.0
78,191,40.0
78,192,39.0
78,193,38.0
78,194,37.0
78,195,36.0
78,196,35.0
78,197,34.0
78,198,33.0
78,199,32.0
78,200,31.0
78,201,30.0
78,202,29.0
78,203,28.0
78,204,27.0
78,205,26.0
78,206,25.0
78,207,24.0
78,208,23.0
78,209,22.0
78,210,21.0
78,211,20.0
78,212,19.0
78,213,18.0
78,214,17.0
78,215,16.0
78,216,15.0
78,217,14.0
78,218,13.0
78,219,12.0
78,220,11.0
78,221,10.0
78,222,9.0
78,223,8.0
78,224,7.0
78,225,6.0
78,226,5.0
78,227,4.0
78,228,3.0
78,229,2.0
78,230,1.0
78,231,0.0
81,1,125.0
81,2,125.0
81,3,125.0
81,4,125.0
81,5,125.0
81,6,125.0
81,7,125.0
81,8,125.0
81,9,125.0
81,10,125.0
81,11,125.0
81,12,125.0
81,13,125.0
81,14,125.0
81,15,125.0
81,16,125.0
81,17,125.0
81,18,125.0
81,19,125.0
81,20,125.0
81,21,125.0
81,22,125.0
81,23,125.0
81,24,125.0
81,25,125.0
81,26,125.0
81,27,125.0
81,28,125.0
81,29,125.0
81,30,125.0
81,31,125.0
81,32,125.0
81,33,125.0
81,34,125.0
81,35,125.0
81,36,125.0
81,37,125.0
81,38,125.0
81,39,125.0
81,40,125.0
81,41,125.0
81,42,125.0
81,43,125.0
81,44,125.0
81,45,125.0
81,46,125.0
81,47,125.0
81,48,125.0
81,49,125.0
81,50,125.0
81,51,125.0
81,52,125.0
81,53,125.0
81,54,125.0
81,55,125.0
81,56,125.0
81,57,125.0
81,58,125.0
81,59,125.0
81,60,125.0
81,61,125.0
81,62,125.0
81,63,125.0
81,64,125.0
81,65,125.0
81,66,125.0
81,67,125.0
81,68,125.0
81,69,125.0
81,70,125.0
81,71,125.0
81,72,125.0
81,73,125.0
81,74,125.0
81,75,125.0
81,76,125.0
81,77,125.0
81,78,125.0
81,79,125.0
81,80,125.0
81,81,125.0
81,82,125.0
81,83,125.0
81,84,125.0
81,85,125.0
81,86,125.0
81,87,125.0
81,88,125.0
81,89,125.0
81,90,125.0
81,91,125.0
81,92,125.0
81,93,125.0
81,94,125.0
81,95,125.0
81,96,125.0
81,97,125.0
81,98,125.0
81,99,125.0
81,100,125.0
81,101,125.0
81,102,125.0
81,103,125.0
81,104,125.0
81,105,125.0
81,106,125.0
81,107,125.0
81,108,125.0
81,109,125.0
81,110,125.0
81,111,125.0
81,112,125.0
81,113,125.0
81,114,125.0
81,115,125.0
81,116,124.0
81,117,123.0
81,118,122.0
81,119,121.0
81,120,120.0
81,121,119.0
81,122,118.0
81,123,117.0
81,124,116.0
81,125,115.0
81,126,114.0
81,127,113.0
81,128,112.0
81,129,111.0
81,130,110.0
81,131,109.0
81,132,108.0
81,133,107.0
81,134,106.0
81,135,105.0
81,136,104.0
81,137,103.0
81,138,102.0
81,139,101.0
81,140,100.0
81,141,99.0
81,142,98.0
81,143,97.0
81,144,96.0
81,145,95.0
81,146,94.0
81,147,93.0
81,148,92.0
81,149,91.0
81,150,90.0
81,151,89.0
81,152,88.0
81,153,87.0
81,154,86.0
81,155,85.0
81,156,84.0
81,157,83.0
81,158,82.0
81,159,81.0
81,160,80.0
81,161,79.0
81,162,78.0
81,163,77.0
81,164,76.0
81,165,75.0
81,166,74.0
81,167,73.0
81,168,72.0
81,169,71.0
81,170,70.0
81,171,69.0
81,172,68.0
81,173,67.0
81,174,66.0
81,175,65.0
81,176,64.0
81,177,63.0
81,178,62.0
81,179,61.0
81,180,60.0
81,181,59.0
81,182,58.0
81,183,57.0
81,184,56.0
81,185,55.0
81,186,54.0
81,187,53.0
81,188,52.0
81,189,51.0
81,190,50.0
81,191,49.0
81,192,48.0
81,193,47.0
81,194,46.0
81,195,45.0
81,196,44.0
81,197,43.0
81,198,42.0
81,199,41.0
81,200,40.0
81,201,39.0
81,202,38.0
81,203,37.0
81,204,36.0
81,205,35.0
81,206,34.0
81,207,33.0
81,208,32.0
81,209,31.0
81,210,30.0
81,211,29.0
81,212,28.0
81,213,27.0
81,214,26.0
81,215,25.0
81,216,24.0
81,217,23.0
81,218,22.0
81,219,21.0
81,220,20.0
81,221,19.0
81,222,18.0
81,223,17.0
81,224,16.0
81,225,15.0
81,226,14.0
81,227,13.0
81,228,12.0
81,229,11.0
81,230,10.0
81,231,9.0
81,232,8.0
81,233,7.0
81,234,6.0
81,235,5.0
81,236,4.0
81,237,3.0
81,238,2.0
81,239,1.0
81,240,0.0
84,1,125.0
84,2,125.0
84,3,125.0
84,4,125.0
84,5,125.0
84,6,125.0
84,7,125.0
84,8,125.0
84,9,125.0
84,10,125.0
84,11,125.0
84,12,125.0
84,13,125.0
84,14,125.0
84,15,125.0
84,16,125.0
84,17,125.0
84,18,125.0
84,19,125.0
84,20,125.0
84,21,125.0
84,22,125.0
84,23,125.0
84,24,125.0
84,25,125.0
84,26,125.0
84,27,125.0
84,28,125.0
84,29,125.0
84,30,125.0
84,31,125.0
84,32,125.0
84,33,125.0
84,34,125.0
84,35,125.0
84,36,125.0
84,37,125.0
84,38,125.0
84,39,125.0
84,40,125.0
84,41,125.0
84,42,125.0
84,43,125.0
84,44,125.0
84,45,125.0
84,46,125.0
84,47,125.0
84,48,125.0
84,49,125.0
84,50,125.0
84,51,125.0
84,52,125.0
84,53,125.0
84,54,125.0
84,55,125.0
84,56,125.0
84,57,125.0
84,58,125.0
84,59,125.0
84,60,125.0
84,61,125.0
84,62,125.0
84,63,125.0
84,64,125.0
84,65,125.0
84,66,125.0
84,67,125.0
84,68,125.0
84,69,125.0
84,70,125.0
84,71,125.0
84,72,125.0
84,73,125.0
84,74,125.0
84,75,125.0
84,76,125.0
84,77,125.0
84,78,125.0
84,79,125.0
84,80,125.0
84,81,125.0
84,82,125.0
84,83,125.0
84,84,125.0
84,85,125.0
84,86,125.0
84,87,125.0
84,88,125.0
84,89,125.0
84,90,125.0
84,91,125.0
84,92,125.0
84,93,125.0
84,94,125.0
84,95,125.0
84,96,125.0
84,97,125.0
84,98,125.0
84,99,125.0
84,100,125.0
84,101,125.0
84,102,125.0
84,103,125.0
84,104,125.0
84,105,125.0
84,106,125.0
84,107,125.0
84,108,125.0
84,109,125.0
84,110,125.0
84,111,125.0
84,112,125.0
84,113,125.0
84,114,125.0
84,115,125.0
84,116,125.0
84,117,125.0
84,118,125.0
84,119,125.0
84,120,125.0
84,121,125.0
84,122,125.0
84,123,125.0
84,124,125.0
84,125,125.0
84,126,125.0
84,127,125.0
84,128,125.0
84,129,125.0
84,130,125.0
84,131,125.0
84,132,125.0
84,133,125.0
84,134,125.0
84,135,125.0
84,136,125.0
84,137,125.0
84,138,125.0
84,139,125.0
84,140,125.0
84,141,125.0
84,142,125.0
84,143,124.0
84,144,123.0
84,145,122.0
84,146,121.0
84,147,120.0
84,148,119.0
84,149,118.0
84,150,117.0
84,151,116.0
84,152,115.0
84,153,114.0
84,154,113.0
84,155,112.0
84,156,111.0
84,157,110.0
84,158,109.0
84,159,108.0
84,160,107.0
84,161,106.0
84,162,105.0
84,163,104.0
84,164,103.0
84,165,102.0
84,166,101.0
84,167,100.0
84,168,99.0
84,169,98.0
84,170,97.0
84,171,96.0
84,172,95.0
84,173,94.0
84,174,93.0
84,175,92.0
84,176,91.0
84,177,90.0
84,178,89.0
84,179,88.0
84,180,87.0
84,181,86.0
84,182,85.0
84,183,84.0
84,184,83.0
84,185,82.0
84,186,81.0
84,187,80.0
84,188,79.0
84,189,78.0
84,190,77.0
84,191,76.0
84,192,75.0
84,193,74.0
84,194,73.0
84,195,72.0
84,196,71.0
84,197,70.0
84,198,69.0
84,199,68.0
84,200,67.0
84,201,66.0
84,202,65.0
84,203,64.0
84,204,63.0
84,205,62.0
84,206,61.0
84,207,60.0
84,208,59.0
84,209,58.0
84,210,57.0
84,211,56.0
84,212,55.0
84,213,54.0
84,214,53.0
84,215,52.0
84,216,51.0
84,217,50.0
84,218,49.0
84,219,48.0
84,220,47.0
84,221,46.0
84,222,45.0
84,223,44.0
84,224,43.0
84,225,42.0
84,226,41.0
84,227,40.0
84,228,39.0
84,229,38.0
84,230,37.0
84,231,36.0
84,232,35.0
84,233,34.0
84,234,33.0
84,235,32.0
84,236,31.0
84,237,30.0
84,238,29.0
84,239,28.0
84,240,27.0
84,241,26.0
84,242,25.0
84,243,24.0
84,244,23.0
84,245,22.0
84,246,21.0
84,247,20.0
84,248,19.0
84,249,18.0
84,250,17.0
84,251,16.0
84,252,15.0
84,253,14.0
84,254,13.0
84,255,12.0
84,256,11.0
84,257,10.0
84,258,9.0
84,259,8.0
84,260,7.0
84,261,6.0
84,262,5.0
84,263,4.0
84,264,3.0
84,265,2.0
84,266,1.0
84,267,0.0
91,1,125.0
91,2,125.0
91,3,125.0
91,4,125.0
91,5,125.0
91,6,125.0
91,7,125.0
91,8,125.0
91,9,125.0
91,10,125.0
91,11,124.0
91,12,123.0
91,13,122.0
91,14,121.0
91,15,120.0
91,16,119.0
91,17,118.0
91,18,117.0
91,19,116.0
91,20,115.0
91,21,114.0
91,22,113.0
91,23,112.0
91,24,111.0
91,25,110.0
91,26,109.0
91,27,108.0
91,28,107.0
91,29,106.0
91,30,105.0
91,31,104.0
91,32,103.0
91,33,102.0
91,34,101.0
91,35,100.0
91,36,99.0
91,37,98.0
91,38,97.0
91,39,96.0
91,40,95.0
91,41,94.0
91,42,93.0
91,43,92.0
91,44,91.0
91,45,90.0
91,46,89.0
91,47,88.0
91,48,87.0
91,49,86.0
91,50,85.0
91,51,84.0
91,52,83.0
91,53,82.0
91,54,81.0
91,55,80.0
91,56,79.0
91,57,78.0
91,58,77.0
91,59,76.0
91,60,75.0
91,61,74.0
91,62,73.0
91,63,72.0
91,64,71.0
91,65,70.0
91,66,69.0
91,67,68.0
91,68,67.0
91,69,66.0
91,70,65.0
91,71,64.0
91,72,63.0
91,73,62.0
91,74,61.0
91,75,60.0
91,76,59.0
91,77,58.0
91,78,57.0
91,79,56.0
91,80,55.0
91,81,54.0
91,82,53.0
91,83,52.0
91,84,51.0
91,85,50.0
91,86,49.0
91,87,48.0
91,88,47.0
91,89,46.0
91,90,45.0
91,91,44.0
91,92,43.0
91,93,42.0
91,94,41.0
91,95,40.0
91,96,39.0
91,97,38.0
91,98,37.0
91,99,36.0
91,100,35.0
91,101,34.0
91,102,33.0
91,103,32.0
91,104,31.0
91,105,30.0
91,106,29.0
91,107,28.0
91,108,27.0
91,109,26.0
91,110,25.0
91,111,24.0
91,112,23.0
91,113,22.0
91,114,21.0
91,115,20.0
91,116,19.0
91,117,18.0
91,118,17.0
91,119,16.0
91,120,15.0
91,121,14.0
91,122,13.0
91,123,12.0
91,124,11.0
91,125,10.0
91,126,9.0
91,127,8.0
91,128,7.0
91,129,6.0
91,130,5.0
91,131,4.0
91,132,3.0
91,133,2.0
91,134,1.0
91,135,0.0
